email_subject,email_content,sending_date,sending_time,day,url_title,coinedword,sender_name,sender_title,closing_remarks,sender_email,logo,to,label,sender_domain,clean_content,word_count,subject_length,body_length,link_count,has_link
URGENT REQUEST,"Are you available ?
No calls text only 9513072XXX",01/09/2020,unknown,unknown,,Urgent,[redacted],"chancellor
berkeley university of california", EBST REGARDS  ,[redacted_email],   na  ,[redacted],0,gmail.com,are you available ? no calls text only 9513072xxx,9,14,49,0,0
Quick question,I'm in a meeting and need help getting some Amazon Gift Cards,01/09/2020,unknown,unknown,,Quick,[redacted],"University of California, Berkeley",,[redacted_email],,[redacted],0,xxx.subdomain.berkeley.edu,i'm in a meeting and need help getting some amazon gift cards,12,14,61,0,0
,"Hello RECIPIENT

I am urgently seeking for a Clerical/Administrative Assistant to 
work for me on campus at their own free time while I am away on my work and 
earn basic wage $250 weekly.This is a flexible job that requires little to 
no prior experience .Let me know you are interested and I will fill you in.",10/19/19,2:22 PM, Sat,,Job/Needed,[redacted],"*Professor David Card*
*Department of Economics*
*530 Evans Hall #3880*
*University of California Berkeley*
*Berkeley, CA*",Sincerely  ,[redacted_email],,[redacted],0,gmail.com,hello recipient i am urgently seeking for a clerical/administrative assistant to work for me on campus at their own free time while i am away on my work and earn basic wage $250 weekly.this is a flexible job that requires little to no prior experience .let me know you are interested and i will fill you in.,57,0,307,0,0
Ê vendor payment,Are you around? I need to pay a vendor with the blucard.,"12/27/18
 ",unknown,unknown,http://example.com/PHISHING_TEST/row3,"Gift Card, Meeting",[redacted],,,[redacted_email],,[redacted],1,gmail.com,are you around? i need to pay a vendor with the blucard.,12,16,56,0,0
  Quick question,I'm in a meeting and need help getting some Amazon Gift Cards,"12/27/18
 ",unknown,unknown,http://example.com/PHISHING_TEST/row4,shared,[redacted],"University of California, Berkeley",,[redacted_email],,[redacted],1,xxx.subdomain.berkeley.edu,i'm in a meeting and need help getting some amazon gift cards,12,16,61,0,0
ÊXXX has shared a document on Google Docs with you,XXX has invited you to view the following document:,"5/3/2017
",unknown,unknown,http://example.com/PHISHING_TEST/row5,"invite, share",[redacted],,,[redacted_email],,[redacted],1,berkeley.edu,xxx has invited you to view the following document:,9,50,51,0,0
Message from human resources,"Dear XXXXX@berkeley.edu(link sends e-mail)

An information document has been sent to you by the Human Resources Department.

Click here to Login to view the document.  Thank you!",4/13/17,9:29:54 PM PDT,unknown,click here,HR,[redacted],"Berkeley University Of California HR Department
© 2017 The Regents of the University of California.  All rights reserved.",Thank you,[redacted_email],,[redacted],0,berkeley.edu,dear emailtoken sends e-mail) an information document has been sent to you by the human resources department. click here to login to view the document. thank you!,27,28,162,0,0
Library Account,"dEAR sTUDENT,

yOUR ACCESS TO YOUR LIBRARY ACCOUNT IS EXPIRING SOON DUE TO INACTIVITY. tO
CONTINUE TO HAVE ACCESS TO THE LIBRARY SERVICES, YOU MUST REACTIVATE YOUR
ACCOUNT. fOR THIS PURPOSE, CLICK THE WEB ADDRESS BELOW OR COPY AND PASTE IT
INTO YOUR WEB BROWSER. a SUCCESSFUL LOGIN WILL ACTIVATE YOUR ACCOUNT AND
YOU WILL BE REDIRECTED TO YOUR LIBRARY PROFILE.

HTTPS://AUTH.BERKELEY.EDU/CAS/LOGIN?SERVICE=HTTPS%3A%2F%


iF YOU ARE NOT ABLE TO LOGIN, PLEASE CONTACT <nAME rEMOVED> AT
XXXXX@BERKELEY.EDU (LINK SENDS E-MAIL) FOR IMMEDIATE ASSISTANCE.",04/01/2017,2:09 PM,Sat,http://example.com/PHISHING_TEST/row7,"expiring soon, inactivity, ",[redacted],"University Library
University of California Berkeley","Sincerely,",[redacted_email],,[redacted],1,,"dear student, your access to your library account is expiring soon due to inactivity. to continue to have access to the library services, you must reactivate your account. for this purpose, click the web address below or copy and paste it into your web browser. a successful login will activate your account and you will be redirected to your library profile. urltoken if you are not able to login, please contact <name removed> at emailtoken (link sends e-mail) for immediate assistance.",81,15,488,0,0
Your Dropbox File,"Hello,
 
You just received a file through Dropbox Share Application.
Please click below and log in to view file.
 
View file
 
Every time a friend installs Dropbox, we'll give both of you 1 GB of
space for free! Need even more space? Upgrade your Dropbox and get 1 TB
(1,000 GB) of space",1/30/17,unknown,unknown,view file,"file, dropbox",[redacted],The Dropbox Team,Happy Dropboxing.,[redacted_email],Dropbox,[redacted],0,tamhsc.edu(linksendse-mail),"hello, you just received a file through dropbox share application. please click below and log in to view file. view file every time a friend installs dropbox, we'll give both of you 1 gb of space for free! need even more space? upgrade your dropbox and get 1 tb (1,000 gb) of space",53,17,281,0,0
,"Dear User,

This Message Is To Inform You That Your Access To Bcourses Will Soon Expire. You Will Have To Login To Your Account To Continue To Have Access To This Service.
You Need To Reactivate It Just By Logging In Through The Following Url. A Successful Login Will Activate Your Account And You Will Be Redirected To Your Bcourses Page.

Http:/Bcourses.Berkeley.Edu/Login_0Dzvfirgid322O0Ki22F0Izotk3Lpfyha62Pngfo4Oh4B40Fo4Wfmbl4Bel22Bmcb8Ynmkrd1Qjsmjmmbpho9Tsf3Jx2Lqgzijdxguwem8Fb8Yne7Xdtjsmbnypd4Cemhm/

If You Are Not Able To Login, Please Contact Danielle Patel At Dapatel@Berkeley.Edu(Link Sends E-Mail) For Immediate Assistance.",1/25/17,unknown,unknown,,"expire, login, reactive",[redacted],"Berkeley Security
University of California, Berkeley
510-643-6957","Sincerely,",[redacted_email],,[redacted],0,berkeley.edu,"dear user, this message is to inform you that your access to bcourses will soon expire. you will have to login to your account to continue to have access to this service. you need to reactivate it just by logging in through the following url. a successful login will activate your account and you will be redirected to your bcourses page. urltoken if you are not able to login, please contact danielle patel at emailtoken sends e-mail) for immediate assistance.",80,0,461,0,0
,,24 Jan 2017Ê,13:31:49,Tue,ADP portal,"tax, update",[redacted],,"Yours Sincerely,",[redacted_email],,[redacted],0,boyaca.gov.co,,0,0,0,0,0
fEDeX sHIPMENT uPDATE,"Dear Customer,

We could not deliver your item.

You can review and print complete details of shipping duty on your order.

Thanks",01/03/2017,Na,Tue,PDF Attachment:  update_Form.pdf,"shipment, update",[redacted],,Thanks,[redacted_email],FedEx,[redacted],0,berkeley.edu,"dear customer, we could not deliver your item. you can review and print complete details of shipping duty on your order. thanks",22,21,127,0,0
ÊImportant Announcement from Chancellor Nicholas B. Dirks,"Good Morning Berkeley Family,

Please read attached for an important announcement from Chancellor Nicholas B. Dirks",12/14/16,8:55 AM,Wed,1 attachment: shared Document.pdf,"important, chancellor",[redacted],"

chancellor","Thanks,",[redacted_email],,[redacted],0,miamioh.edu,"good morning berkeley family, please read attached for an important announcement from chancellor nicholas b. dirks",16,57,114,0,0
Email Account Upgrade,"Dear User,

Someone else was trying to use your Berkeley ID to sign into iCloud via a web browser.

Date and Time: 28 October 2016, 1:38 PM
Browser: Firefox
Operating System: Windows
Location:Thailand


If the information above looks familiar, you can disregard this email.
If you have not recently and believe someone may be trying to access your account, you should Click Here <http://goo.gl/rk87KW>.",Ê10/28/2016Ê,4:38 PM,unknown,http://example.com/PHISHING_TEST/row13,upgrade,[redacted],,"Sincerely,",[redacted_email],,[redacted],1,berkeley.edu,"dear user, someone else was trying to use your berkeley id to sign into icloud via a web browser. date and time: 28 october 2016, 1:38 pm browser: firefox operating system: windows location:thailand if the information above looks familiar, you can disregard this email. if you have not recently and believe someone may be trying to access your account, you should click here < urltoken",65,21,385,1,1
Irregular Activity,"From: BankOfAmerica
Subject: Irregular Activity
Date: 10/20/2016 7:27 AM

We have detected irregular activity on your account on the date 10/20/2016. For your protection, we have temporary limited your account.
In order to regain full access to your account, you must verify this activity before you can continue using your account. We have sent you an attachment , open it and follow the steps to verify your account. Once completed, please allow up to 48h to update.

Copyright © 2016 BankOfAmerica, All rights reserve

IrregularActivityFile.html
",10/20/16,7:27 AM,unknown,,"protection, update, irregular activity",[redacted],"Copyright © 2016 BankOfAmerica, All rights reserve",,[redacted_email],,[redacted],1,,"from: bankofamerica subject: irregular activity date: 10/20/2016 7:27 am we have detected irregular activity on your account on the date 10/20/2016. for your protection, we have temporary limited your account. in order to regain full access to your account, you must verify this activity before you can continue using your account. we have sent you an attachment , open it and follow the steps to verify your account. once completed, please allow up to 48h to update. copyright © 2016 bankofamerica, all rights reserve irregularactivityfile.html",85,18,545,0,0
Messages containing Locky malware,"Hello,

Please sign the attached contract with our technical service company for 2016 ð 2017.
We would appreciate your quick response.",  24 Aug2 016Ê  ,20:29:58,Wed,http://example.com/PHISHING_TEST/row15, financial ,[redacted],(Digital-Signature: f0a0e01386d19b03736165288026cc97e325560c78700e95),"King regards,",[redacted_email],,[redacted],1,brasiltelecom.net.br,"hello, please sign the attached contract with our technical service company for 2016 ð 2017. we would appreciate your quick response.",21,33,133,0,0
Messages containing Locky malware,"Hi,

The monthly financial statement is attached within the email.
Please review it before processing.",8/24/16,08:44:09,Wed,http://example.com/PHISHING_TEST/row16,financial,[redacted],(Topic-ID: b0b82053c611db43b3a1a568c0660cd72365964cb8b04ed5),"King regards,",[redacted_email],,[redacted],1,brasiltelecom.net.br,"hi, the monthly financial statement is attached within the email. please review it before processing.",15,33,101,0,0
 Vital Info   ,"Hello,Ê Please refer to the vital info I've shared with you using Google Drive.Ê ClickÊhttps://www.google.com/drive/docs/file0116Êand sign in to view details..","May 23, 2016Ê",2:56 PM,Mon,http://example.com/PHISHING_TEST/row17,vital,[redacted],,  Rgeard ,[redacted_email],,[redacted],1,,"hello,ê please refer to the vital info i've shared with you using google drive.ê clickê urltoken sign in to view details..",21,14,122,2,1
bCourses Phish Attack,"Dear User,

This message is to inform you that your access to bCourses will soon
expire.  You will have to log in to your account to continue to have access
to this service.

You need to reactivate it just by logging in through the following URL.  A
a successful login will activate your account, and you will be redirected to
your bCourses page.

http://bcourses.berkeley.cnea.gq/login_0DZbL4B22o0ki22F0IZotK2LqgZijDXvfIrGID3D4cemh3lPfYHa62pNgFo4Oh4B40FO4WFMGuwEM8fb8yNE7xdTJSMBNYpeL22BMCB8yNmkrd1qJSMjMmbphO9TsF3jXm/

If you are not able to login, please contact Mary Patel at mpatel@berkeley.edu(link sends e-mail) for immediate
assistance.",5/20/16,unknown,unknown,URL,"expire, access, ",[redacted],"Berkeley Security
University of California, Berkeley
510-643-6927",Sincerely  ,[redacted_email],,[redacted],0,berkeley.edu,"dear user, this message is to inform you that your access to bcourses will soon expire. you will have to log in to your account to continue to have access to this service. you need to reactivate it just by logging in through the following url. a a successful login will activate your account, and you will be redirected to your bcourses page. urltoken if you are not able to login, please contact mary patel at emailtoken sends e-mail) for immediate assistance.",82,21,461,1,1
Your account has been Iimited untiI we hear from you,"your account has been suspened , as an error was detected in your informations. The reason for the error is not certain, but for secuirty reasons, we have suspended your account temporarily.",3/22/16,4:14 PM,unknown,Update your information,suspended,[redacted],,,[redacted_email],paypal,[redacted],0,up.com,"your account has been suspened , as an error was detected in your informations. the reason for the error is not certain, but for secuirty reasons, we have suspended your account temporarily.",32,52,190,0,0
,"Hello Everyone,
 
  There will be additional IT maintenance today between 10am Ð 11am. During this time, some IT systems and applications used by the IRC globally may be affected, and you may experience brief outages. Please upgrade your mailboxes (size to 20.0GB). by clicking IT SYSTEM AND MAINTENANCE.",3/14/2016Ê,7:35 AM,unknown,IT SYSTEM AND MAINTENANCE.,notice,[redacted],,,[redacted_email],,[redacted],0,rescue.org,"hello everyone, there will be additional it maintenance today between 10am ð 11am. during this time, some it systems and applications used by the irc globally may be affected, and you may experience brief outages. please upgrade your mailboxes (size to 20.0gb). by clicking it system and maintenance.",48,0,300,0,0
Last Reminder You Must Update Your Apple Account Information!,"Hello,

We've noticed that some of your account information appears to be missing or incorrect, we need to verify your account information in order to continue using your Apple ID.

Please Verify your account information by clicking on the link below. Sign in using your Apple ID to start the process, Verify Now >.

Wondering why you got this email?

When you don't regularly update your Apple ID information, Apple will require you to sign in by following the link in a verification email and update your information.
This is to help protect your identity and keep your account secure.

Apple Support",3/13/16,01:32,unknown, Verify Now ,"missing, incorrect,last remider",[redacted],,,[redacted_email],,[redacted],0,support.com,"hello, we've noticed that some of your account information appears to be missing or incorrect, we need to verify your account information in order to continue using your apple id. please verify your account information by clicking on the link below. sign in using your apple id to start the process, verify now >. wondering why you got this email? when you don't regularly update your apple id information, apple will require you to sign in by following the link in a verification email and update your information. this is to help protect your identity and keep your account secure. apple support",102,61,597,0,0
Help DeskÛÜ Notice.,"We detected unknown IP access on our date base computer system our security requires you to verify your account for secure security kindly Click Here and verify your account. 
ÛÜ
Help DeskÛÜ",03/04/2016,4:00 PM,unknown,Click Here ,unknown,[redacted],Help DeskÛÜ,,[redacted_email],,[redacted],0,capousd.org,we detected unknown ip access on our date base computer system our security requires you to verify your account for secure security kindly click here and verify your account. ûü help deskûü,32,20,191,0,0
Google Docs Download,You have a pending incoming download docs shared with you via Google docs,2/22/2016Ê,5:45 AM,unknown,http://example.com/PHISHING_TEST/row23,Download,[redacted],,,[redacted_email],Google Docs,[redacted],1,googledocss.com,you have a pending incoming download docs shared with you via google docs,13,20,73,0,0
2015 W-2 statement,"I need all our employee's reference copies of 2015 W-2 wages and tax
statement, i am working on a review and if you can work on the W2's and
have it sent to me as an attachment this morning that will be
splendid. Via email would be appropriate.","Feb 22, 2016Ê",8:17 AM,Mon,,"Tax, attachment",[redacted],,Regards.,[redacted_email],,[redacted],0,,"i need all our employee's reference copies of 2015 w-2 wages and tax statement, i am working on a review and if you can work on the w2's and have it sent to me as an attachment this morning that will be splendid. via email would be appropriate.",48,18,244,0,0
Your access has been disabled,,2/21/16,4:33 PM,unknown,http://example.com/PHISHING_TEST/row25,"disable account access, termination, ",[redacted],,"Sincerely,",[redacted_email],,[redacted],1,appsupport.com,,0,29,0,0,0
Dear Email User,"Your password will expire in 2 days, Click Here
to re-change your password immediately.",02/09/2016,5:38 PM,unknown,http://example.com/PHISHING_TEST/row26,"expire, password, immidiately",[redacted],"
IT- Help Desk","Thank you,
",[redacted_email],,[redacted],1,seedschoolmd.org,"your password will expire in 2 days, click here to re-change your password immediately.",14,15,87,0,0
Record Update,"This is an urgent request to update your employment record at the U.S Department of Labor.

Update ", 1/18/2016 ,1:57 PM,unknown,UpdateÊ,"update, urgent,employment",[redacted],,Thank you,[redacted_email],Department of Labor,[redacted],0,dol.gov,this is an urgent request to update your employment record at the u.s department of labor. update,17,13,97,0,0
Important Update,"As we prepare to start the 2016 Tax filling season, we have undergone slight changes in the filling process to make filling for your refund easier and to prevent unnecessary delays.
Part of the changes include updating our database with your information.
Please ensure to carefully complete this verification to avoid hitches in processing your refund.
We have sent you an attachment, open it and follow the steps to verify your profile.",unknown,2:58 PM,unknown,,unknown,[redacted],IRS Service,,[redacted_email],,[redacted],1,services.com,"as we prepare to start the 2016 tax filling season, we have undergone slight changes in the filling process to make filling for your refund easier and to prevent unnecessary delays. part of the changes include updating our database with your information. please ensure to carefully complete this verification to avoid hitches in processing your refund. we have sent you an attachment, open it and follow the steps to verify your profile.",72,16,437,0,0
DHL EXPRESS DOCUMENT,"Your parcel (shipping document) arrived at the post office. Here is your Shipping Document/Invoice and copy of DHL receipt for your tracking which includes the bill of lading and DHL tracking number, the new Import/Export policy supplied by DHL Express. Please kindly check the attached to confirm accordingly if your address is correct, before we submit to our outlet office for dispatch to your destination.",1/15/2016Ê,6:47 AM,unknown,DHL_EXPRESS.pdf (34Kb) View | Download,unknown,[redacted],DHL EXPRESS,,[redacted_email],,[redacted],0,korloycompany.ro,"your parcel (shipping document) arrived at the post office. here is your shipping document/invoice and copy of dhl receipt for your tracking which includes the bill of lading and dhl tracking number, the new import/export policy supplied by dhl express. please kindly check the attached to confirm accordingly if your address is correct, before we submit to our outlet office for dispatch to your destination.",65,20,409,0,0
IMPORTANT TAX RETURN DOCUMENT AVAILABLE,"Dear: Account Owner,

Our records indicate that you are enrolled in the University of California paperless W2 Program. As a result, you do not receive a paper W2 but instead receive e-mail notification that your online W2 (i.e. ""paperless W2"") is prepared and ready for viewing. __

Your W2 is ready for viewing under Employee Self Service. Logon at the following link:

Click Here to Logon

If you have trouble logging in to Employee Self Service at the link above, please contact your Payroll Department for support.

If you would like to un-enroll in the Paperless W2 Program, please logon to Employee Self Service at the link above and go to the W2 Delivery Choice webpage and follow the instructions.",01/06/2016,5:53:32 AM,unknown,http://example.com/PHISHING_TEST/row31,"TAX, W2, important",[redacted],,,[redacted_email],,[redacted],1,,"dear: account owner, our records indicate that you are enrolled in the university of california paperless w2 program. as a result, you do not receive a paper w2 but instead receive e-mail notification that your online w2 (i.e. ""paperless w2"") is prepared and ready for viewing. __ your w2 is ready for viewing under employee self service. logon at the following link: click here to logon if you have trouble logging in to employee self service at the link above, please contact your payroll department for support. if you would like to un-enroll in the paperless w2 program, please logon to employee self service at the link above and go to the w2 delivery choice webpage and follow the instructions.",120,39,700,0,0
"Re:
X-PHP-Originating-Script: 1336:NPS.php","Dear Dr. <recipient's name removed>;

I recently read your last article and it was very useful in my field of research. I wonder, if possible, to send me these articles to use in my current research:

1- http://auth.berkeley.eduh.in/<link removed>

2- http://www.sciencedirect.com/science/article/pii/S1644966515000825(link is external)

Thanks for you Cooperation in Advance.
John Doe
Department of Civil and Environmental Engineering University of Alberta
Phone: (XXX) XXX-XXXX
--21878cacb2d3a784678d12d61f1136d7--",unknown,unknown,Sat,URL,research,[redacted],Department of Civil and Environmental Engineering University of Alberta,Thanks for you Cooperation in Advance.,[redacted_email],,[redacted],0,ulberta.ca,"dear dr. <recipient's name removed>; i recently read your last article and it was very useful in my field of research. i wonder, if possible, to send me these articles to use in my current research: 1- urltoken removed> 2- urltoken is external) thanks for you cooperation in advance. john doe department of civil and environmental engineering university of alberta phone: (xxx) xxx-xxxx --21878cacb2d3a784678d12d61f1136d7--",64,42,423,3,1
Your account on the verge of closure !!,"Dear Client, Recently your account was reviewed and flagged because of a potential connection to some fraudulent transaction. To avoid an eventual restriction to your account, please verify your informations by logging in to our Litigations Manager.", 1/1/2016 ,5:47 AM,unknown,check my account,"fraudulent, transaction",[redacted],,,[redacted_email],Pay.service secure,[redacted],0,ppl.com,"dear client, recently your account was reviewed and flagged because of a potential connection to some fraudulent transaction. to avoid an eventual restriction to your account, please verify your informations by logging in to our litigations manager.",37,39,249,0,0
ÊURGENT: Your New Salary Notification,"Hello, You have an important email from the Human Resources Department with regards to your December 2015 Paycheck

This email is enclosed in the Marquette University secure network, hence access it below

Access the documents here <http://gabrielramon.be/<link removed>

***Ensure your login credentials are correct to avoid cancellations**

Faithfully
Human Resources
University of California, Berkeley",12/10/2015,7:22 AM,"   hTu,   ",URL,URGENT,[redacted],"Human Resources
University of California, Berkeley",Faithfully,[redacted_email],,[redacted],0,berkeley.edu,"hello, you have an important email from the human resources department with regards to your december 2015 paycheck this email is enclosed in the marquette university secure network, hence access it below access the documents here < urltoken removed> ***ensure your login credentials are correct to avoid cancellations** faithfully human resources university of california, berkeley",55,37,381,1,1
REQUEST,,"july 16th, 2019",5.22.48PM EDT,unknown,http://example.com/PHISHING_TEST/row35,"Request, gift card",[redacted],,,[redacted_email],,[redacted],1,,,0,7,0,0,0
Lesson Coach Needed,Some hiring stuffs for coach,"July 16th, 2019",12.50pm,Tue,http://example.com/PHISHING_TEST/row36,"Needed, employment hire",[redacted],Colman,Regard,[redacted_email],,[redacted],1,y,some hiring stuffs for coach,5,19,28,0,0
"Caller from Kent Admin on 16 July, 2019",call missed,"July 16th, 2019",5.12pm,Tue,http://example.com/PHISHING_TEST/row37,hiring,[redacted],Kent support,Regrads,[redacted_email],Microsoft,[redacted],1,y,call missed,2,39,11,0,0
REPLY AS SOON AS POSSIBLE,"Bank, important matter to discuss with late client who is dead. Asking for full detail information","July 14th, 2019",11.33am,sun,http://example.com/PHISHING_TEST/row38,important,[redacted],,Regards,[redacted_email],Na,[redacted],1,y,"bank, important matter to discuss with late client who is dead. asking for full detail information",16,25,98,0,0
V M 123310719,call missed,"July 10th, 2019",3.29pm,unknown,http://example.com/PHISHING_TEST/row39,missed call,[redacted],,,[redacted_email],"Microsoft, Office 365",[redacted],1,y,call missed,2,13,11,0,0
 inviting you to collaborate on filess ,some shred document,"July 10th, 2019",7.56pm,wed,http://example.com/PHISHING_TEST/row40,shared,[redacted],,,[redacted_email],Microsoft,[redacted],1,,some shred document,3,39,19,0,0
VM Message attached,call missed,"July 9th, 2019",12.37pm,TUE,http://example.com/PHISHING_TEST/row41,missed call,[redacted],,,[redacted_email],Office 365,[redacted],1,,call missed,2,19,11,0,0
ÊVerification Process.,"account verification, microsoft account in kent","July 8th, 2019",8.55am,mon,http://example.com/PHISHING_TEST/row42,"verification, access",[redacted],,Cheers,[redacted_email],,[redacted],1,y,"account verification, microsoft account in kent",6,22,47,0,0
Audio received,audio,07/08/2019,2.09 pm,mon,http://example.com/PHISHING_TEST/row43,audio,[redacted],kent support,,[redacted_email],,[redacted],1,,audio,1,14,5,0,0
I AM ASKING FOR YOUR SUPPORT.,Someone lost lifr in Libyan civil war. Help kin,"ÊJuly 5th, 2019",3.18PM,Fri,http://example.com/PHISHING_TEST/row44,support,[redacted],,,[redacted_email],,[redacted],1,,someone lost lifr in libyan civil war. help kin,9,29,47,0,0
,shared docx,"June 27th, 2019",11.55.54 AM,unknown,http://example.com/PHISHING_TEST/row45,shared,[redacted],,,[redacted_email],microsoft word,[redacted],1,,shared docx,2,0,11,0,0
fILE HAS BEEN DAMAGED,shared docx,"june 27th, 2019",4.56am,thur,http://example.com/PHISHING_TEST/row46,damaged,[redacted],,,[redacted_email],Google Drive,[redacted],1,,shared docx,2,21,11,0,0
Kent-Outlook E-Ticket:#JKf1SB3YW5 for @k****edu.,"confirm with microsift, account","June 25th, 2019",1.44am,tue,http://example.com/PHISHING_TEST/row47,confirm,[redacted],,,[redacted_email],Microsoft,[redacted],1,,"confirm with microsift, account",4,48,31,0,0
Faculty Evaluation.docx,  faculty evalutaion  ,unknown,10.49am,tue,http://example.com/PHISHING_TEST/row48,evaluation,[redacted],ITS service,,[redacted_email],microsoft ward,[redacted],1,,faculty evalutaion,2,23,18,0,0
Missed Call,called missed,"ÊJune 21st, 2019",  15.4pm ,fri,http://example.com/PHISHING_TEST/row49,unknown,[redacted],,,[redacted_email],,[redacted],1,,called missed,2,11,13,0,0
TESTi1,"english speaking editor, professional guide, correcting","   JUNE 20, 2019   ",unknown,unknown,,"editor, service",[redacted],,"Best Regards,",[redacted_email],,[redacted],1,,"english speaking editor, professional guide, correcting",6,6,55,0,0
ÊClustered Alert ID 130423046,some pending message,"June 20th, 2019",unknown,thur,http://example.com/PHISHING_TEST/row51,unknown,[redacted],,"Best Regards,",[redacted_email],  microosft   ,[redacted],1,y,some pending message,3,29,20,0,0
"Agriculture Department shared ""Document"" with you.",internal dept shared document,"ÊJune 20th, 2019",10.24.01 am,thur,http://example.com/PHISHING_TEST/row53,"shared, document",[redacted],,,[redacted_email],,[redacted],1,,internal dept shared document,4,50,29,0,0
Advertise While Driving Your Car,job opportuniies and looking for candidate,"June 19th, 2019",1.27pm,wed,http://example.com/PHISHING_TEST/row54,"hiring, ",[redacted],      n a    ,,[redacted_email],,[redacted],1,,job opportuniies and looking for candidate,6,32,42,0,0
Payroll Changes made was successful,chnages in payroll information,"ÊJune 17th, 2019",4.19pm,mon,http://example.com/PHISHING_TEST/row55,"payroll, changes, access, authenticated",[redacted],,Thank you,[redacted_email],,[redacted],1,,chnages in payroll information,4,35,30,0,0
 Office 6/17/2019 11:65:18 AM ,office 465 subscription exrired and. Validation stuff,"June 17Th, 2019",5.57Am,mon,http://example.com/PHISHING_TEST/row56,"expire, request,subscritption, validation",[redacted],,,[redacted_email],Office 365,[redacted],1,,office 465 subscription exrired and. validation stuff,7,30,53,0,0
 office 365 password about to expire,office 465 subscription exrired and. Validation stuff,"June 17th, 2019",8.08pm,mon,http://example.com/PHISHING_TEST/row57,"expire, password, subscription, hold",[redacted],office 365 Customer Service,Thank you,[redacted_email],offcie 365,[redacted],1,y,office 465 subscription exrired and. validation stuff,7,36,53,0,0
Information.docx,file has been shared In docx,"June 17th, 2019",11.50am,mon,http://example.com/PHISHING_TEST/row58,"file, share,docx",[redacted],,,[redacted_email],docx,[redacted],1,,file has been shared in docx,6,16,28,0,0
"Assalamualaikum My Dear Friend,","politiics, legal iisues to retire , million doller to bank, profit","ÊJune 17th, 2019",3.11pm,mon,http://example.com/PHISHING_TEST/row59,"profit, bank, dollar, million, confirmation",[redacted],,thank with my best regards,[redacted_email],,[redacted],1,,"politiics, legal iisues to retire , million doller to bank, profit",11,31,66,0,0
ÊYou have (15) notification message from your faculty admin,notification message from faculty admin," june 14ht, 2019  ",11.59am,   fri  ,http://example.com/PHISHING_TEST/row60,"notification, admin, faculty",[redacted],Y,Thanks,[redacted_email],,[redacted],1,y,notification message from faculty admin,5,59,39,0,0
 Verification Required: Validate Service Request for Kent,email update required and confirm now,"June 13Th, 2019",1.06pm,thur,http://example.com/PHISHING_TEST/row61,"update, required, confirm, disable, suspense, ",[redacted],Y,Thanks,[redacted_email],offcie 365,[redacted],1,y,email update required and confirm now,6,57,37,0,0
"Account Activity Request on 13 June, 2019",ms account activation and validation ,"JUNE 13TH, 2019",12.50pm,thur,   http://example.com/PHISHING_ETST/row62   ,"activation, validate, immidiate, request",[redacted],,Regrads,[redacted_email],microsoft,[redacted],1,y,ms account activation and validation,5,41,36,0,0
Audio_Message from ext. 4783,audio,"June 12th, 2019",11.16AM,wed,http://example.com/PHISHING_TEST/row63,unknown,[redacted],Y,,[redacted_email],,[redacted],1,y,audio,1,28,5,0,0
KENT.EDU EMAIL DEACTIVATION REQUEST,Made Request To Deactivate Your Account ,"June 11th, 2019",10.50om,tue,http://example.com/PHISHING_TEST/row64,"deactivate,request",[redacted],Y,Thanking you,[redacted_email],,[redacted],1,y,made request to deactivate your account,6,35,39,0,0
Êmissed Call,caller left a message for you,"June 11th, 2019",1.12 PM,tue,http://example.com/PHISHING_TEST/row65,message,[redacted],,,[redacted_email],,[redacted],1,,caller left a message for you,6,12,29,0,0
,money for cancer diagnosied,"June 11th, 2019",8.35am,tue,http://example.com/PHISHING_TEST/row66,unknown,[redacted],,,[redacted_email],,[redacted],1,,money for cancer diagnosied,4,0,27,0,0
please update ppayment,"update payment  and payment declined, ","June 10th, 2019",8.50am,mon,http://example.com/PHISHING_TEST/row67,"decline, update, payment, failed",[redacted],   Y  ,S.incerely,[redacted_email],,[redacted],1,,"update payment and payment declined,",5,22,36,0,0
Work Code of Conduct,work conduct for employee in an institution,"JUNE 3RD, 2019",7.36pm,mon,,"HR, code, employment",[redacted],Y,"Regards,",[redacted_email],,[redacted],1,y,work conduct for employee in an institution,7,20,43,0,0
Incoming Email issues,,unknown,7.48am,mon,,"issues, email, account,recover, hold",[redacted],y,sincerely,[redacted_email],Office365,[redacted],1,y,,0,21,0,0,0
ÊYour PayPal Payment Receipt of $649.99 to **MCAFEE LLC,"statement of payment , transaction details and log into PayPal account  ","June 2nd, 2019",8.39.55am EDT,unknown,http://example.com/PHISHING_TEST/row70,"transaction, payment, account",[redacted],Y,,[redacted_email],PayPal,[redacted],1,y,"statement of payment , transaction details and log into paypal account",11,55,70,0,0
Pet Sitter Needed,"I need someone to look after my pet, $350 weekly","May 29th, 2019",5.53 pm,wed,http://example.com/PHISHING_TEST/row71,"needed, ad, ",[redacted],Y,"Thanks,",[redacted_email],,[redacted],1,,"i need someone to look after my pet, $350 weekly",10,17,48,0,0
Update ID: Review Message,need to validate account ,"ÊMay 23rd, 2019",unknown,unknown,http://example.com/PHISHING_TEST/row73,"   validate, requestu,pdate   ",[redacted],Y,,[redacted_email],,[redacted],1,y,need to validate account,4,25,24,0,0
We Need Your Confirmation,fund in office that we like to make some clarification,"May 22nd, 2019",7.42.13 am,wed,http://example.com/PHISHING_TEST/row74,"confirmation, ",[redacted],Y,Yours in Servic,[redacted_email],,[redacted],1,y,fund in office that we like to make some clarification,10,25,54,0,0
Email Security Alert,email storage exceeded the limit and need to upgrade immidiately. ,"May 22nd, 2019",8.36 am,wed,http://example.com/PHISHING_TEST/row75,"exceeded, upgraded, alert, secuirty, data lost,immidiately",[redacted],Y,,[redacted_email],,[redacted],1,y,email storage exceeded the limit and need to upgrade immidiately.,10,20,65,0,0
Doc___gn Received : ScannedAgreementDOC012.Pdf,doc shared,"May 21st, 2019",3.30pm,tue,http://example.com/PHISHING_TEST/row76,shared,[redacted],Y,"Thank you,",[redacted_email],Docx,[redacted],1,y,doc shared,2,46,10,0,0
Employment Opportunity,,unknown,8.17pm,mon,http://example.com/PHISHING_TEST/row77,"employment, immidiately",[redacted],Y,,[redacted_email],,[redacted],1,y,,0,22,0,0,0
Puppy Sitter:,need puppy sitter ,"ÊMay 16th, 2019", 7.47ma ,thur,HTTP://EXAMPLE.COM/PHISHING_TEST/ROW78,"employment, ",[redacted],Y,,[redacted_email],,[redacted],1,y,need puppy sitter,3,13,17,0,0
Payment receipt,remittance advice for payment ,unknown,12.20pm,thur,http://example.com/PHISHING_TEST/row79,payment,[redacted],Y,,[redacted_email],,[redacted],1,y,remittance advice for payment,4,15,29,0,0
   ÊBusiness/Partnreship   ,deal and interest in business,"May 10th, 2019",1.13am,fri,http://example.com/PHISHING_TEST/row80,benefits,[redacted],Y,Sincerely,[redacted_email],,[redacted],1,y,deal and interest in business,5,27,29,0,0
SCAN5655,shared file,"ÊMay 9th, 2019",12.00pm,thur,http://example.com/PHISHING_TEST/row81,share,[redacted],Y,,[redacted_email],,[redacted],1,y,shared file,2,8,11,0,0
FW: Action Required: Update your payment information now,payment against office 365 subscription was failed,"May 8th, 2019",9.04pm,wed,http://example.com/PHISHING_TEST/row82,"failed, subscription, payment,admin, update,remove,request",[redacted],Y,Regards,[redacted_email],,[redacted],1,,payment against office 365 subscription was failed,7,56,50,0,0
ÊFW: Action Required: Update your payment information now,payment declined for office 365,"May 8th, 2019",7.52pm,unknown,,"UPDATE, DECLINED, PAYMENT, ",[redacted],,"Sincerely,",[redacted_email],,[redacted],1,,payment declined for office 365,5,57,31,0,0
Due Invoice 10355697 From Cortland Line Company,,"May 6th, 2019",12.04 pm,unknown,http://example.com/PHISHING_TEST/row84,"invoice, payment",[redacted],Y,,[redacted_email],,[redacted],1,,,0,47,0,0,0
,"donating, lottery winner","May 4th, 2019",1.30 am,unknown,http://example.com/PHISHING_TEST/row85,"pay, money",[redacted],Y,,[redacted_email],,[redacted],1,y,"donating, lottery winner",3,0,24,0,0
KSU Email Notification,email notification regarding fedaral law violation and identity and verification,"May 3rd, 2019",6.09PM,Fri,http://example.com/PHISHING_TEST/row86,"verificationerror, violates, ",[redacted],,"Sincerely,",[redacted_email],,[redacted],1,y,email notification regarding fedaral law violation and identity and verification,10,22,80,0,0
"ÊDear Web-mail User,","remail pending for database upgrade, validate emial account","ÊMay 3rd, 2019",6.39PM,fri,http://example.com/PHISHING_TEST/row87,"validate, required, upgrade, ",[redacted],,Thanks,[redacted_email],,[redacted],1,y,"remail pending for database upgrade, validate emial account",8,20,59,0,0
Remittance Payment Advice,attched payment details,"May 2nd, 2019",12.42pm,thur,http://example.com/PHISHING_TEST/row88,payment,[redacted],Na,Regards,[redacted_email],,[redacted],1,,attched payment details,3,25,23,0,0
Nancy Smith is inviting you to collaborate on Project Docs,Project docs,"May 2nd, 2019",11.15.53AM,thur,http://example.com/PHISHING_TEST/row89,"project, education",[redacted],,Thanks,[redacted_email],Microsoft,[redacted],1,na,project docs,2,58,12,0,0
Project LR342 Quote Request,"project work share, collaboration","ÊMay 1st, 2019",7.14am,wed,http://example.com/PHISHING_TEST/row90,"peoject, education, request",[redacted],,,[redacted_email],,[redacted],1,,"project work share, collaboration",4,27,33,0,0
ÊPet Sitter Job,job pet sitter,unknown,11.53am,wed,http://example.com/PHISHING_TEST/row91,employment,[redacted],,,[redacted_email],,[redacted],1,,job pet sitter,3,15,14,0,0
"Kent Validation Request on May 01, 2019, 03:00 AM","secuirty update, recommend to validate","ÊMay 1st, 2019",03.00am,unknown,http://example.com/PHISHING_TEST/row92,"security, validate, request",[redacted],Y,Regards,[redacted_email],Microsofr,[redacted],1,y,"secuirty update, recommend to validate",5,49,38,0,0
(1) Your account has been limited. ID: #R5131.6D9R406MH,office account has limited for payment failing,"April 30th, 2019",5.12.30pm,tue,http://example.com/PHISHING_TEST/row93,"LIMITED, VALIDATE, ACCOUNT,FAILED,TRANSACTION",[redacted],Y,"Best Regards,",[redacted_email],office 365,[redacted],1,y,office account has limited for payment failing,7,55,46,0,0
ADVICE OF DEBIT - BANK CONFIDENTIAL,schedule payment in bank in personal checkin account,"APRIL 29TH, 2019",12.03pm,mon,http://example.com/PHISHING_TEST/row94,"payment,account, confidential",[redacted],Y,"Respectfully yours,",[redacted_email],,[redacted],1,y,schedule payment in bank in personal checkin account,8,35,52,0,0
Message - Time 0:55 Seconds,ausio attached with link,"ÊApril 26th, 2019",1.23,fri,http://example.com/PHISHING_TEST/row95,unknown,[redacted],Y,,[redacted_email],,[redacted],1,y,ausio attached with link,4,27,24,0,0
ÊKent Admin #O38A3S#,mandatory account review process,"April 26th, 2019",2.37pm,Fri,http://example.com/PHISHING_TEST/row96,"mandatory, acount, require, admin, incorrect",[redacted],Y,,[redacted_email],Microsoft,[redacted],1,y,mandatory account review process,4,20,32,0,0
Invoice For Service,invoiced for completed work,"ÊApril 26th, 2019",12.00pm,Fri,http://example.com/phishing_test/row97,"invoice, payment",[redacted],Y,,[redacted_email],,[redacted],1,y,invoiced for completed work,4,19,27,0,0
P_nd_ng Document,onedrive pending doc,"ÊApril 25th, 2019",10.20am,thur,http://example.com/PHISHING_TEST/row98,document,[redacted],Y,,[redacted_email],,[redacted],1,y,onedrive pending doc,3,16,20,0,0
Ê[IMPORTANCE] Login Review Required On Kent Email Account,,"ÊApril 25th, 2019",10.15.29am EDT,unknown,,"verify, account,interruption",[redacted],Y,,[redacted_email],Microsoft,[redacted],1,y,,0,57,0,0,0
ÊPaperWorks,document sharepoint,"April 23rd, 2019",2.41pm,tue,http://example.com/PHISHING_TEST/row100,"share, education, ",[redacted],Y,"SINCERELY,",[redacted_email],sSharePoint,[redacted],1,,document sharepoint,2,11,19,0,0
"Kent Request Created on 23 April, 2019 ID: #5KGI6T#","Due to request, you created ID, we need to validate ","ÊApril 23rd, 2019",10.57am,Tue,http://example.com/PHISHING_TEST/row101,"validate, request,",[redacted],Y,,[redacted_email],microsoft,[redacted],1,y,"due to request, you created id, we need to validate",10,51,51,0,0
RE: You're about to lose access to your Office subscription,subscription offcie 365,unknown,2.03am edt,unknown,HTTP://EXAMPLE.COM/phishing_test/ROW102,"subscription, disable, access, admin, payment",[redacted],Y,,[redacted_email],Office365,[redacted],1,y,subscription offcie 365,3,59,23,0,0
(1) Failed to process your Credit Card,credir card process failure,"April 17th, 2019",5.56pm,wed,http://example.com/PHISHING_TEST/row103,"finance, payment, transaction, invoice, failed, ",[redacted],Y,"Best Regards,",[redacted_email],offcie 365,[redacted],1,y,credir card process failure,4,38,27,0,0
Easiest way to claim $1000?,clain money by watching videos,"April 17th, 2019",12.47pm EDT,unknown,http://example.com/PHISHING_TEST/row104,"clain, money, ",[redacted],,,[redacted_email],,[redacted],1,,clain money by watching videos,5,27,30,0,0
the dwyer group n0tlflcatl0n,shared document,"April 16th, 2019",11.55am,tue,http://example.com/PHISHING_TEST/row105,"notification, share",[redacted],Y,,[redacted_email],,[redacted],1,y,shared document,2,28,15,0,0
,doc shared,"April 16th, 2019",12.52pm,tue,http://example.com/PHISHING_TEST/row106,"SHARE, DOC, EDUCATION",[redacted],Y,,[redacted_email],Microsoft,[redacted],1,y,doc shared,2,0,10,0,0
"Kent Service U_d_t_ 15 April, 2019 RefID:XYO2OH",validating account,unknown,3.22pm,tue,http://example.com/PHISHING_TEST/row107,"share, validate, account, deactivate",[redacted],y,,[redacted_email],,[redacted],1,y,validating account,2,47,18,0,0
ÊKent Request Created,validating email account,"April 16th, 2019",4.23am,unknown,http://example.com/PHISHING_TEST/row108,"validate, account, request",[redacted],Y,,[redacted_email],,[redacted],1,y,validating email account,3,21,24,0,0
NEED URGENT QUOTE,cargo need to shio from your country to china asap,"  April 15th, 2019",5.10am,mon,http://example.com/PHISHING_TEST/row109,urgent,[redacted],,,[redacted_email],,[redacted],1,,cargo need to shio from your country to china asap,10,17,50,0,0
Payroll,attached document for payroll,"ÊAPRIL 11TH, 2019",7.17pm,thur,http://example.com/PHISHING_TEST/row110,"tax, payroll, doc",[redacted],Y,,[redacted_email],,[redacted],1,y,attached document for payroll,4,7,29,0,0
MESSAGE ALERT,doc and audio ,"April 10th, 2019",10.22am,wed,http://example.com/PHISHING_TEST/row112,"doc, share, alert",[redacted],Y,,[redacted_email],SharePoint,[redacted],1,y,doc and audio,3,13,13,0,0
A document has been sent to you via eÄ_x Online,,"April 9th, 2019",11.35am,tue,http://example.com/PHISHING_TEST/row113,"share, sent, access, document",[redacted],,Na,[redacted_email],eFax,[redacted],1,,,0,47,0,0,0
,encrypted message,"April 9th, 2019",2.28pm,tue,http://example.com/PHISHING_TEST/row114,encrypted,[redacted],,,[redacted_email],,[redacted],1,,encrypted message,2,0,17,0,0
Server Notification for Kent Alert,  servre detect undelivered emals. Malfucntions and termination ,"April 8th, 2019",5.55am,mon,http://example.com/PHISHING_TEST/row115,"active, termination, alert, notification, required, malfunction",[redacted],Y,,[redacted_email],,[redacted],1,y,servre detect undelivered emals. malfucntions and termination,7,34,61,0,0
message notification,pdf ,"April 8th, 2019",8.16pm,mon,HTTP://EXAMPLE.COM/phishing_test/ROW116,"notification, share, invoice, admin",[redacted],,,[redacted_email],,[redacted],1,y,pdf,1,20,3,0,0
"[IMPORTANCE] Password Confirmation Required On kent.edu April 5, 2019, 7:29 PM Report Refrence Acc ID :35878U9LC8","one time confirmation, avoid login interruption, password verification","April 5th, 2019",3.29pm,fri,http://example.com/PHISHING_TEST/row117,"verification, interrution, account, required, avoid, confirmation",[redacted],Y,,[redacted_email],Microsoft,[redacted],1,y,"one time confirmation, avoid login interruption, password verification",8,113,70,0,0
ÊMarch Statement - Kent,payroll has been submitteed. ,"April 5th, 2019",5.18pm,fri,http://example.com/PHISHING_TEST/row118,"payroll, statement, admin",[redacted],Y,,[redacted_email],,[redacted],1,y,payroll has been submitteed.,4,23,28,0,0
ÊRE: Your Office 365 Business Essentials Bill is ready,"office365 is ready. Payment, credit card","APRIL 4TH, 2019",unknown,thur,http://example.com/PHISHING_TEST/row119,"account, payment,",[redacted],Y,,[redacted_email],OFFCIE 365,[redacted],1,y,"office365 is ready. payment, credit card",6,54,40,0,0
[Important] Login Review On Kent Users,microsoft password review,"ÊApril 2nd, 2019",unknown,tue,http://example.com/PHISHING_TEST/row120,"account, confirm, verification, interruptiom",[redacted],Y,,[redacted_email],Microsoft,[redacted],1,y,microsoft password review,3,38,25,0,0
New Fax Message Fax. com Report[11],find attachment,"April 1st, 2019",unknown,mon,http://example.com/PHISHING_TEST/row121,doc,[redacted],Y,,[redacted_email],,[redacted],1,y,find attachment,2,35,15,0,0
cOACHING iNQUIRY,coaching my son,"March 31st, 2019",11.02am,sun,http://example.com/PHISHING_TEST/row122,"inquiry, employment",[redacted],Y,Thanks,[redacted_email],,[redacted],1,y,coaching my son,3,16,15,0,0
Job,resume attached,"March 30th, 2019",11.44am,sat,http://example.com/PHISHING_TEST/row123,"job, employment",[redacted],Y,,[redacted_email],,[redacted],1,y,resume attached,2,3,15,0,0
From The Desk Of Mr William C.Dudley,"federal reserve bank, record of outstanding payment with federal government, "," Marhc 30th, 2019   ",11.18AM,sat,http://example.com/PHISHING_TEST/row124,"payment, bank, federal, requested",[redacted],,"Sincerely,",[redacted_email],,[redacted],1,y,"federal reserve bank, record of outstanding payment with federal government,",10,36,76,0,0
New fax from: Fax Service....,new fax,"March 29th, 2019",8.57am,fri,http://example.com/PHISHING_TEST/row125,"enclosed, processed, received",[redacted],,,[redacted_email],,[redacted],1,,new fax,2,29,7,0,0
ÊMake Kent State Home,message,"ÊMarch 27th, 2019",5.41am,wed,,doc,[redacted],Y,Yours in Servic,[redacted_email],,[redacted],1,y,message,1,21,7,0,0
3/26 *** Due,pdf file,"March 26th, 2019",1.52pm,tue,http://example.com/PHISHING_TEST/row127,shared doc,[redacted],,,[redacted_email],Premier1,[redacted],1,y,pdf file,2,12,8,0,0
Kennard is inviting you to collaborate on Past Due Invoice 100219,invoice due,"ÊMarch 26th, 2019",9.09pm,tue,http://example.com/PHISHING_TEST/row128,"invoice, payment",[redacted],Y,Thanks,[redacted_email],Microsoft,[redacted],1,y,invoice due,2,65,11,0,0
"ÊI'M SORRY, Apology insideÉ","internet business, access","March 24th, 2019",7.09pm EDT,Na,http://example.com/PHISHING_TEST/row129,"access, hidden, serious, ",[redacted],Y,,[redacted_email],,[redacted],1,y,"internet business, access",3,27,25,0,0
Re: Office 365 - Check Your Account before is be deleted,offcie 365 essentials is ready,"ÊMarch 22nd, 2019",9.57am,fri,http://example.com/PHISHING_TEST/row130,"invoice,deleted, account",[redacted],ba,,[redacted_email],Office 365,[redacted],1,y,offcie 365 essentials is ready,5,56,30,0,0
PO #0210-,Here is the purchase order in relation to client request,"March 22nd, 2019",10.07am,fri,http://example.com/PHISHING_TEST/row131,"request, gift card",[redacted],,Thank you,[redacted_email],,[redacted],1,y,here is the purchase order in relation to client request,10,9,56,0,0
ÊRE: QUOTE STATEMENT,Please confirm if quoting is available for statement below,unknown,3.18am,thur,http://example.com/PHISHING_TEST/row132,"confirm, statement",[redacted],Y,Thank you,[redacted_email],,[redacted],1,y,please confirm if quoting is available for statement below,9,20,58,0,0
,"ttrade stocks , supplement income",unknown,10.04pm,unknown, http://example.com/PHISHING_TEST/row133   ,"earn, income",[redacted],Y,,[redacted_email],,[redacted],1,y,"ttrade stocks , supplement income",5,0,33,0,0
ÊPreliminary CD Package Has Been Generated,Your documents s can be retrieved at,"ÊMarch 20th, 2019",12.48pm,wed,http://example.com/PHISHING_TEST/row134,package,[redacted],Y,Sincerely,[redacted_email],,[redacted],1,y,your documents s can be retrieved at,7,42,36,0,0
Audio Received From,ms voice audio,"March 20th, 2019",7.52AM,wed,http://example.com/PHISHING_TEST/row135,attachment,[redacted],y,Yours in Servic,[redacted_email],,[redacted],1,y,ms voice audio,3,19,14,0,0
Instant Action Requested From You,You have the spot reserved but we need you to complete your activation now,"March 19th, 2019",8.00AM EDT,unknown,http://example.com/PHISHING_TEST/row136,"requested, immidiately, confirm, activation",[redacted],Y,Thanks,[redacted_email],,[redacted],1,y,you have the spot reserved but we need you to complete your activation now,14,33,74,0,0
ÊYou've 2 Voicemail,voice message for you,"March 15th, 2019",  1.208pm ,fri,,"message, ",[redacted],Y,Regards,[redacted_email],Office 365,[redacted],1,y,voice message for you,4,19,21,0,0
Regarding Job,job possition apply,"March 15th, 2019",8.47AM,fri,http://example.com/PHISHING_TEST/row138,"job, employment,",[redacted],Y,"Best regards,",[redacted_email],,[redacted],1,y,job possition apply,3,13,19,0,0
rEF:,most of your incoming email due to your mail session expiration ,"March 13th, 2019",1.30PM,wed,http://example.com/PHISHING_TEST/row139,"expiration, upgrade, re-validation, pending",[redacted],Y,"Best Regards,",[redacted_email],,[redacted],1,y,most of your incoming email due to your mail session expiration,11,4,63,0,0
no subject, You received VM form ,"March 13th, 2019",12.14PM,wed,http://example.com/PHISHING_TEST/row140,unknown,[redacted],,,[redacted_email],,[redacted],1,,you received vm form,4,10,20,0,0
"Good day,",,"march 13th, 2019",6.00PM,   wed ,http://example.com/PHISHING_TEST/row141,unknown,[redacted],Y,Thanks,[redacted_email],Na,[redacted],1,y,,0,9,0,0,0
(Your Requested Username for jobs.kent.edu),your requested username for jons.kent,"March 12th, 2019",10.56am,tue,http://example.com/PHISHING_TEST/row142,request,[redacted],y,,[redacted_email],,[redacted],1,y,your requested username for jons.kent,5,43,37,0,0
YOUR FEBRUARY ACCOUNT STATEMENT IS AVAILABLE.,account statement available,"March 12th, 2019",9.12pm,unknown,http://example.com/PHISHING_TEST/row143,"acount, statement, access, ",[redacted],Y,,[redacted_email],Paypal,[redacted],1,y,account statement available,3,45,27,0,0
Opcuanet - (Annual Conference Topic Suggestions),doc link,"March 12th, 2019",1.10pm,tue,http://example.com/PHISHING_TEST/row144,"conference, education",[redacted],Y,,[redacted_email],,[redacted],1,y,doc link,2,48,8,0,0
ÊIntuit Support: Action Required,Your bank retuned the direct deposit for the payroll,"March 12th, 2019",   .229pm ,tue,http://example.com/PHISHING_TEST/row145,"action, required, payroll, bank",[redacted],,,[redacted_email],,[redacted],1,y,your bank retuned the direct deposit for the payroll,9,32,52,0,0
ÊCc: (RE: Workshop at John Carroll University this Saturday),link for email opning,"March 12th, 2019",8.20am,tue,http://example.com/PHISHING_TEST/row146,workshop,[redacted],,,[redacted_email],,[redacted],1,,link for email opning,4,60,21,0,0
ATC/PTA Program,see attached below,"March 12th, 2019",2.08pm,tue,http://example.com/PHISHING_TEST/row147,unknown,[redacted],Y,,[redacted_email],,[redacted],1,y,see attached below,3,15,18,0,0
MESSAGE NOTIFICATION,one drive ,"March 11th, 2019",3.02pm,mon,http://example.com/PHISHING_TEST/row148,"notification, file",[redacted],Y,,[redacted_email],one drive,[redacted],1,y,one drive,2,20,9,0,0
Lesson Coach Needed,looking for hiring coach,"March 11th, 2019",12.13pm,mon,http://example.com/PHISHING_TEST/row149,"job, needed, hire, available",[redacted],y,Regard,[redacted_email],,[redacted],1,y,looking for hiring coach,4,19,24,0,0
INVOICE#89774-DOC,one drive message,"ÊMarch 11th, 2019",9.11am,mon,http://example.com/PHISHING_TEST/row150,"invoice, shared",[redacted], Y   ,,[redacted_email],,[redacted],1,y,one drive message,3,17,17,0,0
Re: Correct shipment info needed.,"package, delivery address, seems incorrect","March 11th, 2019",8.11am,mon,http://example.com/PHISHING_TEST/row151,"shipment, incorrect, delivery",[redacted],Y,,[redacted_email],,[redacted],1,y,"package, delivery address, seems incorrect",5,33,42,0,0
Action required: Confirm your info to keep a PayPal Balance,paymal money sending issue,"March 10th, 2019",02.00AM EST,unknown,http://example.com/PHISHING_TEST/row152,"required, cofirm, action, money, account",[redacted],Y,,[redacted_email],,[redacted],1,y,paymal money sending issue,4,59,26,0,0
You have new Google Drive Doc message,shared document,"March 9th, 2019",11.52AM,sat,http://example.com/PHISHING_TEST/row153,"file, share,docx",[redacted],Y,,[redacted_email],Google Drive,[redacted],1,y,shared document,2,37,15,0,0
Your Earning For March 2019.,payroll earning statement for direct deposit available,"March 8th, 2019",5.13AM,fri,http://example.com/PHISHING_TEST/row154,"payroll, statement, admin",[redacted],Y,,[redacted_email],,[redacted],1,y,payroll earning statement for direct deposit available,7,28,54,0,0
1KH0/613FV1/USA,cancel surgery,"March 7th, 2019",4.38PM,thur,http://example.com/PHISHING_TEST/row155,unknown,[redacted],Y,Yours ,[redacted_email],,[redacted],1,y,cancel surgery,2,15,14,0,0
Call Delivery note from Trusted Source,new voice ,"March 7th, 2019",9.17am,thur,http://example.com/PHISHING_TEST/row156,"file, share,docx",[redacted],Y,,[redacted_email],,[redacted],1,y,new voice,2,38,9,0,0
View Secure PDF,has sent you your important document,"March 7th, 2019",unknown,thur,http://example.com/PHISHING_TEST/row157,"secure, review",[redacted],Y,rEGARDS,[redacted_email],,[redacted],1,y,has sent you your important document,6,15,36,0,0
ÊListen to Voicenote,voicemessage notification,"March 7th, 2019",12.42am,thur,http://example.com/PHISHING_TEST/row158,notification,[redacted],Y,,[redacted_email],,[redacted],1,y,voicemessage notification,2,20,25,0,0
Terms of Service.,your document has been completed,unknown,1.41pm,wed,http://example.com/PHISHING_TEST/row159,"closing, attachment",[redacted],, na ,[redacted_email],,[redacted],1,,your document has been completed,5,17,32,0,0
Preliminary CD and Other Closing Docs Attached Closing Set for 03/08/2019,your document has been completed,"ÊMarch 7th, 2019",1.41pm,wed,http://example.com/PHISHING_TEST/row160,"closing, attachment",[redacted],,,[redacted_email],,[redacted],1,,your document has been completed,5,73,32,0,0
Notification,ms verification alert,"March 6th, 2019",9.43am,wed,http://example.com/PHISHING_TEST/row161,"verification, notification, update, account, deleted,",[redacted],Y,Regards!,[redacted_email],,[redacted],1,y,ms verification alert,3,12,21,0,0
Urgent Account Notice,your mailboc failed to sync,"March 5th, 2019",5.20am,tue,http://example.com/PHISHING_TEST/row162,"URGENT, NOTICE, ACCOUNT, FAILED, PASSWORD, ",[redacted],Y,,[redacted_email],,[redacted],1,y,your mailboc failed to sync,5,21,27,0,0
YOUR DIPLOMATIC PACKAGE,"package deposit, realiability","March 3rd, 2019",5.22am,sun,http://example.com/PHISHING_TEST/row163,"notify, package, ",[redacted],Y,"Thank you and I sincerely Remain,",[redacted_email],,[redacted],1,y,"package deposit, realiability",3,23,29,0,0
Payroll Earning Statement for March 2019,"earning statement, parroll website","March 1st, 2019",5.56am,fri, http://example.com/PHISHINGT_EST/row164  ,"account, payroll, statement, employee",[redacted],,,[redacted_email],,[redacted],1,,"earning statement, parroll website",4,40,34,0,0
Êsent you a document to review and sign,document,"February 28th, 2019",11.27am, htur  ,http://example.com/PHISHING_TEST/row165,"review, sign",[redacted],,,[redacted_email],DocuSign,[redacted],1,,document,1,39,8,0,0
EMAIL NOTIFICATION ( TREAT URGENT ),email account recently signed,"ÊFebruary 27th, 2019",12.43pm,fri,http://example.com/PHISHING_TEST/row166,notification,[redacted],,,[redacted_email],,[redacted],1,,email account recently signed,4,35,29,0,0
(Secure Message) Re: Reminder : invoice 81736265,secure email,"February 26th, 2019",15.13 EST,unknown,http://example.com/PHISHING_TEST/row167,"invoice, secure",[redacted], Y   ,Y,[redacted_email],,[redacted],1,y,secure email,2,48,12,0,0
Ê(Secure Email) Re: Open Invoice MR87103,SECURE EMAIL,"February 26th, 2019",unknown,tue,http://example.com/PHISHING_TEST/row168,"secure, invoice",[redacted],Y,Y,[redacted_email],,[redacted],1,y,secure email,2,40,12,0,0
"[Reminder] Messages Delayed on kent.edu Email Account Today, 26 Feb 2019. Acc Id:22683aBHnH",DOC ATTACHED,"February 26th, 2019",12.29pm,tue,HTTP://EXAMPLE.COM/PHISHING_TEST/ROW169,"confirm, delay",[redacted],Y,Y,[redacted_email],office 365,[redacted],1,,doc attached,2,91,12,0,0
Êimportant (re: Will you be one of the 15 for KSU student-athletes?),MESSAGE ATTACHED,"February 26th, 2019",4.27am,tue,HTTP://EXAMPLE.COM/phishing_test/ROW170,"important, ",[redacted],Y,Y,[redacted_email],,[redacted],1,y,message attached,2,68,16,0,0
Tansaction Refund from Patti,refund confirmation,"February 22nd, 2019",2.59pm,fri,http://example.com/PHISHING_TEST/row171,"refund, transaction, confirmation, payment",[redacted],Y,,[redacted_email],,[redacted],1,,refund confirmation,2,28,19,0,0
"Ê[IMPORTANCE] Password Verification on kent.edu Email Account Today, 22 Feb 2019. Acc Id:42775V65yf","one time confirmation,","February 22nd, 2019",11.26am,fri,http://example.com/PHISHING_TEST/row172,"verification, account, confirmation",[redacted],Y,Y,[redacted_email],microsoft,[redacted],1,y,"one time confirmation,",3,99,22,0,0
New Message from a Caller,voice message for you,"February 22nd, 2019",10.16am,fri,http://example.com/PHISHING_TEST/row173,"message, ",[redacted],y,Y,[redacted_email],,[redacted],1,y,voice message for you,4,25,21,0,0
Transaction for invoice 36726579,thanks for working with us,"February 21st, 2019",12.12pm,unknown,,"transaction, payment, account, invoice",[redacted],Y,Y,[redacted_email],,[redacted],1,y,thanks for working with us,5,32,26,0,0
Purchasing Order #0361,this is purchasing order,"February 21st, 2019",11.53am,unknown,http://example.com/PHISHING_TEST/row175,unknown,[redacted],Y,THANK YOU,[redacted_email],,[redacted],1,y,this is purchasing order,4,22,24,0,0
"Ian shared ""eVoice Message"" with you.",doc attached,"February 21st, 2019",2.30pm,thur,http://example.com/PHISHING_TEST/row176,"shared, message",[redacted],Y,,[redacted_email],,[redacted],1,,doc attached,2,37,12,0,0
Your incoming email delivery reports,email ,"February 20th, 2019",4.49pm,wed,http://example.com/PHISHING_TEST/row177,report,[redacted],y,,[redacted_email],,[redacted],1,y,email,1,36,5,0,0
new file,file,"February 20th, 2019",11.54am,wed,http://example.com/PHISHING_TEST/row178,review,[redacted],Y,,[redacted_email],Microsoft,[redacted],1,y,file,1,8,4,0,0
Invoice Due,file for invoice,"February 20th, 2019",11.26am,wed,http://example.com/PHISHING_TEST/row179,"review, sign",[redacted],Y,,[redacted_email],Microsoft,[redacted],1,y,file for invoice,3,11,16,0,0
Your incoming email delivery reports,file,"ÊFebruary 19th, 2019",7.20PM,tue,http://example.com/PHISHING_TEST/row180,"delivery, report",[redacted],Y,,[redacted_email],,[redacted],1,y,file,1,36,4,0,0
Notification Release Letter,filr,"February 19th, 2019",9.10am,tue,http://example.com/PHISHING_TEST/row181,"notification, required, action, delayed",[redacted],Y,Na,[redacted_email],,[redacted],1,y,filr,1,27,4,0,0
URGENT,are you at office,"February 14th, 2019",3.59Pm,thur,http://example.com/PHISHING_TEST/row182,"urgent,",[redacted],Y,,[redacted_email],,[redacted],1,y,are you at office,4,6,17,0,0
Sales Contract PO:#224906999,2 new message,unknown,9.32am,tue,,"sales, review",[redacted],Y,thanks,[redacted_email],,[redacted],1,y,2 new message,3,28,13,0,0
new bill from Ian,your bill is here,"February 12th, 2019",2.15pm,tue,http://example.com/PHISHING_TEST/row185,"bill, ",[redacted],,thank you,[redacted_email],,[redacted],1,y,your bill is here,4,17,17,0,0
,please check your ,"February 12th, 2019",2.17am EST,unknown,http://example.com/PHISHING_TEST/row186,"invoice, payment",[redacted],Y,Thank you,[redacted_email],,[redacted],1,y,please check your,3,0,17,0,0
KSU Infringement,"email has been reposted , regulation","February 9th, 2019",11.21am EST,unknown,http://example.com/PHISHING_TEST/row187,"reported, regulations, policies",[redacted],Y,,[redacted_email],,[redacted],1,y,"email has been reposted , regulation",6,16,36,0,0
We recieved your request,request to deactivate,"January 29th, 2019",2.11pm,tue,Http://Example.Com/Phishing_Test/Row188,"request, cancel, deactivate, ",[redacted], Y   ,,[redacted_email],offcie 365,[redacted],1,y,request to deactivate,3,24,21,0,0
